dataset,alpha_mlp,alpha_rf,alpha_xgb,alpha_ci_lo,alpha_ci_hi,alpha_r2_fit,alpha,cluster_structure,cluster_separation,density_variation,intrinsic_dim,lid,fisher_ratio,margin,linear_probe_difficulty,anisotropy,class_entropy,class_imbalance,label_noise,n_samples,n_features,n_classes,early_loss
blood-transfusion,0.04747991866609676,0.11265892763306182,-0.021334686929430472,0.01673740561916209,0.0959971364928566,0.441310346798651,0.04747991866609676,0.7101639924891878,0.9721524715423584,1.859730813405097,2.761148430518079,1.4426950413399269,0.04782825826407095,0.10707898546345615,0.23111111111111116,13.961920738220215,0.5487262429826446,3.202247191009437,0.2808163265306122,748.0,4.0,2.0,
banknote-authentication,0.5204665131846368,0.6340852016437373,0.7432128203383618,0.08598653947831487,0.862104892069716,0.6719963831944119,0.6340852016437373,0.37204948790655396,1.129380226135254,0.3285541687603254,2.669473647362371,1.9796061416906605,0.1638673535573345,0.335222561528051,0.021844660194174748,13.949051856994629,0.6869976657350199,1.2491803278686475,0.010816326530612244,1372.0,4.0,2.0,
bank-marketing,0.11426902752151823,0.1304561809108454,0.10642646853099486,0.07122677503654512,0.18244888150734206,0.8549900740571876,0.11426902752151823,282.36541497055634,30.856998443603516,0.44316344938344926,6.848172403552201,5.7651185273607215,0.011646537434588313,3.5556796786894616,0.07999999999999996,675160.3125,0.36758860878676597,7.3102493074782116,0.15020408163265306,6000.0,16.0,2.0,
eeg-eye-state,0.125475194795874,0.09943951768584336,0.2586713595568123,0.09672040177767244,0.16717641532369998,0.9044682347609079,0.125475194795874,7.062561963243302,41.24140548706055,0.24297868361924643,6.233292764420342,5.579406797783222,0.00013400082836327435,1.2968158452378404,0.33111111111111113,2872768.0,0.6885641190305303,1.211573903427895,0.27367346938775505,6000.0,14.0,2.0,
phoneme,0.08828505798698605,0.10832469350321862,0.14293653764886557,0.0548842880113998,0.12907545940765455,0.9161831771597049,0.10832469350321862,1.1225338410249126,1.0489263534545898,0.40857925691502167,3.3425383418945067,2.7504472755656924,0.05820729968271128,0.37869399357446154,0.24222222222222223,8.664565086364746,0.6052438198564556,2.40731399747778,0.24122448979591835,5404.0,5.0,2.0,
ozone,0.17441849669787424,0.15072777645210475,0.10262315425118063,0.116216307573699,0.24670786568474365,0.9219950264761736,0.15072777645210475,50.5276338503224,8.414292335510254,0.3444202537953155,12.619136098712305,9.212485688554423,0.005160969787941409,3.056370407651471,0.04888888888888887,2959360.25,0.23552477508910555,14.837499999990728,0.0763265306122449,2534.0,72.0,2.0,
electricity,0.05418449969435823,0.07787790672308748,0.1517613009380327,0.03262301876492077,0.07250081502474673,0.9279312939978004,0.07787790672308748,2.4440978611688573,1.404990553855896,0.47141212927972187,4.588931926204163,3.5886738794015773,0.005166414169225425,0.5520429311732131,0.23555555555555552,1283.629150390625,0.6801841807841633,1.3828435266083645,0.3065306122448979,6000.0,8.0,2.0,
adult,0.020415673505352495,0.07020861545054966,0.1253585977075397,0.008441626579346575,0.029845478402818953,0.7983987305661393,0.07020861545054966,325757.6269310058,3819.9150390625,0.6135549582087894,4.918321119862762,4.331248409362274,0.051619742612989045,4.716336183599356,0.16888888888888887,466935648.0,0.5424784820319455,3.297994269340738,0.2240816326530612,6000.0,14.0,2.0,
magic-telescope,0.10917487965790224,0.10166251659167386,0.14885619964913116,0.09106807001138191,0.12089450416403483,0.9743206682807506,0.10917487965790224,4.485751265063209,1.379979133605957,0.354339278664595,6.870320066051084,5.121591553846403,0.04472620370519545,0.8432447040312364,0.2022222222222222,391.46917724609375,0.6533222402838439,1.7790643816580927,0.2561224489795918,6000.0,10.0,2.0,
qsar-biodeg,0.14274865056843083,0.13783483359687643,0.18934741882195077,0.10330260146180371,0.1734648011369569,0.9274662025975842,0.14274865056843083,64.08390955636992,3.662410259246826,0.49580597550367317,4.5954668661623534,3.8102389360840565,0.014294439157300023,2.69765305660002,0.12302839116719244,51807.1484375,0.6393233357530521,1.9634831460668642,0.27469387755102037,1055.0,41.0,2.0,
steel-plates-fault,0.8435980348796472,0.33057806975498816,1.4636822829640939,0.18668217143931717,1.6600237716788069,0.7067399558870331,0.8435980348796472,15.152852703819148,4.277154922485352,0.4602723781710853,5.448961031575976,4.487885029026499,0.028607413738676826,5.361029514312552,0.0022222222222222365,39605604.0,0.6453978894979567,1.8841010401185907,0.20326530612244897,1941.0,33.0,2.0,
scene,0.1890399162482305,0.9659369721311643,1.145762825544136,0.14799712102247348,0.23818580546725507,0.9582871195008946,0.9659369721311643,0.8992190594433112,0.43939244747161865,2.134374743421464,0.17041481242088014,0.13193674560222837,0.019555776833715156,0.0,0.43999999999999995,5.206140518188477,0.6827430480038836,1.3364485981295922,0.022857142857142854,250.0,6.0,2.0,
wall-robot-navigation,0.21063649731925674,0.4648269409665747,0.9502247171795806,0.11410496763698041,0.34794854145316123,0.8659646714165454,0.4648269409665747,26.667719452831292,6.306221008300781,0.5512232517370671,3.2389927708609005,2.875373267549219,0.11153784646438752,2.276197190205892,0.3355555555555556,281.4805908203125,1.1884928505974293,6.722560975607707,0.37775510204081625,5456.0,24.0,4.0,
cardiotocography,0.7272561900201459,0.6892866490647326,1.6061828635354594,0.09216371663428219,1.510755788555428,0.6820574896415645,0.7272561900201459,9.33819363279982,6.67144775390625,0.37900884507691124,4.515899365483092,4.560461363353715,0.050264174206714446,3.195209167289377,0.004444444444444473,58101067776.0,2.019384765510779,10.92452830186618,0.26530612244897955,2126.0,35.0,10.0,
hill-valley,0.129180255158543,0.09610450237159343,0.27976085161989583,0.10152486849474227,0.1673930231776486,0.9083373714645776,0.129180255158543,214418.15181514612,58.09210205078125,2.186657102353211,55.55843316004864,48.37020747623625,0.003422125559495903,212.50213045362403,0.1428571428571429,921.1273803710938,0.6931471803599453,0.9999999999998349,0.3036734693877551,1212.0,80.0,2.0,
kc1,0.039196047148815,0.19485826234849785,0.04455781235677914,0.015174264909227582,0.06031330211359767,0.8021300133236531,0.04455781235677914,39.96695612526961,9.602728843688965,1.8673991185122303,7.079551217765337,1.4743489968238104,0.0858019546827691,2.4824705642757383,0.1444444444444445,589532032.0,0.4305645506080653,5.469325153372556,0.23959183673469384,2109.0,21.0,2.0,
kc2,0.12649159631241458,0.26855461642642636,-0.03352202085925858,0.055932811409264434,0.18928173556676048,0.6333388764287825,0.12649159631241458,36.76891690407623,16.305227279663086,3.2362290692847826,5.680504562256267,3.808352524521104,0.06907442309577977,2.3409584312134872,0.19108280254777066,2560381.5,0.5072302865654668,3.8785046728935715,0.19841269841269837,522.0,21.0,2.0,
nomao,0.4034280847645458,0.16269564713584986,0.2988783987936403,0.34183152772502656,0.5070666909677479,0.9577703385990962,0.2988783987936403,120.57001611891344,1.501322627067566,2.010365398066025,10.946966747767672,9.163755543084427,0.002509928747674465,10.723988644199943,0.07999999999999996,34.0775032043457,0.6002002669324866,2.4742327735956877,0.20714285714285716,6000.0,80.0,2.0,
kc3,0.1574298742862176,0.3812788771875911,0.13135063800246585,0.05613639194064534,0.22054571862301303,0.7310831975765044,0.1574298742862176,40.63437283211849,12.10487174987793,5.986827609675013,5.091905238833276,3.790147703771855,0.01936184599140208,9.205247578573513,0.07207207207207211,1569187328.0,0.25216701708943834,13.402597402579996,0.10122448979591837,1109.0,21.0,2.0,
cnae-9,0.44541319403089497,0.26513816768686516,0.40722578583493174,0.18457566187621074,0.6717784824864382,0.7570211735752443,0.40722578583493174,54.09088134761117,3.584824562072754,0.6027718635391826,7.368191041229698,5.978201947948532,0.07436022882615247,6.595649610930085,0.0864197530864198,4.472315311431885,2.1972245764362195,0.9999999999991667,0.26163265306122446,1080.0,80.0,9.0,
pc3,0.17189836798699026,0.2763000302134585,0.08359116352889685,0.06894952354093958,0.23162596258527582,0.7418821466905435,0.17189836798699026,21.250293362486367,6.624731540679932,0.6128003760189443,4.8943229014285725,3.9950813741758866,0.05204499365304853,2.59294882282299,0.05785123966942152,869461504.0,0.2711893728418441,11.999999999961291,0.12194257355547677,403.0,37.0,2.0,
pc1,0.5008130767181121,0.025222516680368647,0.025267114626626782,0.3426913354063982,0.8222420715075981,0.8413668193166873,0.025267114626626782,230.31373410306355,77.30453491210938,1.8002193252346714,13.81475976719856,1.4426950413399269,0.04918648924672143,72.56260777534858,0.00666666666666671,4726245888.0,0.02671193807915704,241.99999999894786,0.012448979591836737,5589.0,36.0,2.0,
breast-w,0.19672952799762602,0.2933054751618298,0.2852336124626933,0.06790576993266477,0.2776334436568359,0.7357210386410007,0.2852336124626933,2.7569655913098567,4.202445983886719,1.568564960840091,8.368726487978744,3.315095693232724,0.7661434171100422,1.254730324438149,0.042857142857142816,110.25904846191406,0.6441541078484818,1.9004149377585478,0.05395462906192519,699.0,9.0,2.0,
jm1,0.06832679064196598,0.14433440469780187,0.0658036848185241,0.0479927903290697,0.09475905402479028,0.9192272276446823,0.06832679064196598,82.18380366770593,18.01717185974121,4.7258155919521165,5.537880470894212,4.044166423783863,0.00901756564915366,2.9021606142414273,0.18000000000000005,17436416.0,0.49457165756275934,4.106382978723055,0.25530612244897954,6000.0,21.0,2.0,
diabetes,0.06112770704238929,0.045935255418767376,0.05086940734984633,0.04030570045760809,0.0787368776168299,0.8788565529880128,0.05086940734984633,2.875163126019427,1.119005560874939,0.3031943768775835,6.466699493999334,5.357877386249666,0.05762994647324396,0.8833857876303219,0.2554112554112554,10.440689086914062,0.6467994204632901,1.8656716417903487,0.31,768.0,8.0,2.0,
ecoli,0.05474092710337139,0.18356225849324206,,0.04038778979743424,0.07117110364226853,0.9433879850232159,0.11915159279830673,0.4163580387042184,1.6689693927764893,0.3224991201385291,4.462499142875563,3.6732017026242065,1.242134523986288,0.4619455265229925,0.12871287128712872,1490.142578125,1.5171228291520311,71.499999996425,0.22321428571428573,336.0,7.0,8.0,
heart-statlog,0.09011312670198462,0.09438617153826599,0.101917033086627,-0.028423492039238732,0.24893398059880656,0.5222946424701642,0.09438617153826599,3.524096857704047,1.73045814037323,0.2230800883098782,8.307271758449112,6.774652202049879,0.13820542634732577,1.528009122549851,0.11111111111111116,14.945606231689453,0.6869615763973234,1.2499999999989584,0.23492063492063486,270.0,13.0,2.0,
ilpd,0.02547544433273726,0.06669717671640378,0.07380983354521954,0.012404266890489157,0.04007939874600921,0.7070724362477085,0.06669717671640378,12.499725123911157,3.336120843887329,0.5349823072643547,5.63001161378307,4.71114376663018,0.033618622806013736,0.8084303836913649,0.29714285714285715,1492.14111328125,0.598941843196318,2.4910179640703647,0.3425630972800784,583.0,10.0,2.0,
yeast,0.0864116505816395,0.1730961759738817,0.14551609787192588,0.03190861893637669,0.12771675333344581,0.7827624872155212,0.14551609787192588,1.8330033110545325,2.083063840866089,0.33898316612505824,5.614147214814087,4.701180248287153,0.274010770077201,0.7713084051101858,0.4080717488789237,798.40087890625,1.7262259619714786,92.599999998148,0.530408163265306,1484.0,8.0,10.0,
dermatology,0.19733266360958368,0.7089868423378284,1.0689148664242878,0.06444973058948941,0.33879498293363186,0.7074708481188094,0.7089868423378284,4.841354118184538,5.044351577758789,0.22269363765154243,9.346504168543511,7.963721347270814,1.463381168278135,1.9568242326764453,0.036363636363636376,533.91015625,1.68614794123439,5.599999999972001,0.06440281030444964,366.0,34.0,6.0,
thoracic-surgery,0.18332456370124942,0.09224626652996226,0.08111554560616277,0.09061727502609933,0.2412019083893015,0.8866602097893579,0.09224626652996226,0.2603389787959529,1.3097974061965942,0.5089133576373613,500.0,1.4426950413399269,1.3263427420219744,0.04788732394366197,0.2644444444444445,4.607637405395508,2.3005591077469636,1.2629629629624952,0.3951020408163265,3200.0,7.0,10.0,
heart-c,0.16673740250861813,-0.003067294192646674,-0.02470426168361965,0.0857810445793586,0.22476798470496245,0.8175098051124404,-0.003067294192646674,3.5083481659193403,1.5638397932052612,0.2656682817153314,8.74516449875412,7.102875085680471,0.1165867887936118,1.5143161427924114,0.15384615384615385,13.315065383911133,0.689171710440425,1.1956521739121773,0.23715228665723712,303.0,13.0,2.0,
arrhythmia,0.10524958363970668,0.3085865393067314,,0.09175099543480539,0.13227888384462164,0.9375895568285778,0.20691806147321906,44.75368176993841,5.32700252532959,0.22709735396446804,25.673686226725376,20.728355065871817,0.07673199131187566,7.996792827653012,0.375,3.1031622886657715,1.6645141421324003,122.499999993875,0.4838811630847029,452.0,80.0,13.0,
liver-disorders,0.06548891292318783,0.3469540637505073,,0.03699597017762024,0.09401501663068257,0.9233891451833074,0.20622148833684756,1.5371038955423826,2.012957811355591,0.4179409673953453,5.263957701119966,4.25707736378939,0.12902192292956677,0.7118737192744284,0.5,8.830812454223633,2.1892882743618554,107.9999999892,0.8430641821946171,345.0,5.0,16.0,
balance-scale,0.11623795690398617,0.24454141504774676,0.2055141269114845,0.030366991685137644,0.1746882075468105,0.7595495203691909,0.2055141269114845,0.7042277142207546,0.8102911114692688,0.02949949602325668,500.0,500.0,0.20384386036532123,0.5,0.13297872340425532,1.0,0.9136485595712407,5.877551020396168,0.21531428571428568,625.0,4.0,3.0,
heart-h,0.11035461190219212,0.06870498291601886,0.11042140761531272,0.03951822686167921,0.16890774202784647,0.8722275810803403,0.11035461190219212,3.1838591861585854,1.7077512741088867,0.3374447439455723,6.075221771159879,4.7948242178871165,0.13515847639126657,1.2457822964091119,0.1910112359550562,20.926128387451172,0.6537306753430708,1.773584905658704,0.2191448007774538,294.0,13.0,2.0,
credit-g,0.06565707870064924,0.05074633707671159,0.07118739206968257,0.041469802866792436,0.09611033875376503,0.8396548891360419,0.06565707870064924,5.681075904481519,0.7878680229187012,0.21035462381388226,10.320216050754535,8.607486186739958,0.015440999122583643,1.7560639300540204,0.2833333333333333,59.21455383300781,0.6108643018548935,2.3333333333325554,0.3420408163265306,1000.0,20.0,2.0,
glass,0.08094099532066039,0.3120120180094291,,0.03985241646531195,0.12159013222849514,0.8544338338795053,0.19647650666504476,2.0145233263769917,2.740719795227051,0.5943542040746549,4.325577417203894,3.5590270017290617,0.2692038266752432,1.1613370169770763,0.41538461538461535,2391.8212890625,1.5086583996236944,8.444444444350617,0.37917222963951935,214.0,9.0,6.0,
kr-vs-kp,0.7490752143554676,0.21679615672988772,0.6249659250954654,0.4384661484333211,1.145549827075306,0.8927474701582642,0.6249659250954654,3.371594349590318,0.7677727937698364,0.14449840006917328,5.77078044484973,4.729953434911221,0.03192406152190966,1.2513335317044225,0.05777777777777782,2083.736083984375,0.6921598189951594,1.092992796332607,0.23163265306122444,3196.0,36.0,2.0,
nursery,0.33791898857596886,0.2349630649637404,,0.1854199925156374,0.5318826255525894,0.873341760830541,0.2864410267698546,0.9925434812532233,1.0014944076538086,0.08872960737449505,6.576809228192318,5.461435359915959,0.07946371141064444,0.6318680054064592,0.24888888888888894,3.08974289894104,1.193302453564195,996.499999950175,0.42061224489795923,6000.0,8.0,5.0,
mushroom,0.7656151143286536,0.7058844812331202,1.0077140351236131,0.29767458945692715,1.4388959392543654,0.771716325120445,0.7656151143286536,4.730559573077499,1.7605053186416626,0.2837175300871356,2.7594342917321617,2.5846028262080942,0.05869150202122136,2.061881595038516,0.04888888888888887,1985.344970703125,0.6924501294960286,1.0775623268697687,0.029387755102040815,6000.0,22.0,2.0,
soybean,0.10492272573437057,0.9035367437032388,0.888489586927281,0.05050905832385945,0.17007438617138448,0.7408876150440751,0.888489586927281,1.7825940043727786,4.972997665405273,0.8878749762088455,3.183058176134426,2.613820287121976,1.3567084081144805,1.5248730018307848,0.12682926829268293,704.8995361328125,2.6585715436245123,11.49999999985625,0.18343442794394477,683.0,35.0,19.0,
tic-tac-toe,0.08508773551871712,0.3186546098701214,0.8706281247879474,0.06497100826929551,0.10154239040739745,0.9399778922490654,0.3186546098701214,2.1321727620967215,0.33289891481399536,0.1222373154292484,4.932606922158014,4.25528629178072,0.007040698569794427,0.8606210529483447,0.3194444444444444,6.20440149307251,0.6452881306007813,1.885542168674131,0.2320408163265306,958.0,9.0,2.0,
sonar,0.13241021568354572,0.1312693650067941,0.43385350137222256,0.046856017199886454,0.23675468721640153,0.7053204859232539,0.13241021568354572,22.78941821243798,2.7248761653900146,0.3258588043359699,9.996351106306218,7.9915160617105645,0.049369528715423106,5.288495486966059,0.23809523809523814,3389.204833984375,0.6908803042104659,1.1443298969060367,0.25206043956043955,208.0,60.0,2.0,
segment,0.31893947909482123,0.4061422698273012,0.6607484845209103,0.0066240785432131796,0.6990580599537644,0.6621762182016577,0.4061422698273012,133.30025276124613,10.813920021057129,0.572888543286903,5.071206314827188,3.9317739109497625,0.042559802561232145,8.80373769062064,0.053333333333333344,18206756864.0,1.945910148355313,0.999999999999697,0.15612244897959182,2310.0,19.0,7.0,
vehicle,0.1650548654130768,0.20843085758234625,0.241286657493817,0.07798932204665852,0.23042521238352456,0.7775165376240295,0.20843085758234625,2.332521100329223,1.5953959226608276,0.22158810848844382,6.482906421452316,5.277467797100492,0.11423971244251738,0.9101210118090276,0.19685039370078738,28520.677734375,1.385647491881233,1.095477386934123,0.3208163265306122,846.0,18.0,4.0,
splice,0.3002076419652084,0.2099165185008967,0.46422472275527293,0.16496667629293005,0.46558015894302307,0.8747511641073763,0.3002076419652084,62.289342521015236,1.5722332000732422,0.1171361651930771,27.460533124906945,21.92082196129796,0.009202876539910535,8.359965600847815,0.2022222222222222,24.499055862426758,1.025975710201908,2.157757496740266,0.5761224489795918,3190.0,60.0,3.0,
vowel,0.18557482735624334,0.45623685739629466,0.5833058165696983,0.07332147075577586,0.2867898261357365,0.6780242896298738,0.45623685739629466,1.3229291588354344,1.504111886024475,0.28436447693427214,2.0912028947802725,1.555080008673466,0.2736728132338935,0.817671676928008,0.35016835016835013,33.24851608276367,2.3978952716983706,0.9999999999988889,0.3530612244897959,990.0,12.0,11.0,
cmc,0.05692845944299714,0.0869035316852832,0.13712192753710614,0.03125927855854692,0.07776428848049294,0.8758994646804859,0.0869035316852832,1.5813112318103126,0.6237086057662964,0.7234396100089321,3.3571407893738345,3.082364764814427,0.036870644008148414,0.4486662978421867,0.47058823529411764,22.863805770874023,1.066777481863813,1.8888888888883217,0.5626530612244898,1473.0,9.0,3.0,
credit-approval,0.06472399412520362,0.03828712258303196,-0.011527891690731748,0.024066500468606408,0.09694562558291014,0.6270179586765721,0.03828712258303196,14.295856000825507,5.0403056144714355,0.48309519002548434,6.470863353209016,5.20633432651031,0.0353971265404419,1.5000670300462122,0.16425120772946855,5805.4033203125,0.6870689026587589,1.2475570032569228,0.2519668737060041,690.0,15.0,2.0,
autos,0.1353169855591795,0.8329041516800465,,0.12553479049080182,0.15177433132260576,0.9905225032342858,0.484110568619613,4.347501036655832,3.398425579071045,0.41470872514940854,2.818761105576438,2.270077107259305,0.11672170254227211,2.1742933131430644,0.3548387096774194,31019.37890625,1.5751589584151842,22.33333333258889,0.49686411149825777,205.0,25.0,6.0,
colic,0.07800915503091087,0.13943375172251699,0.17920057672776613,0.06074351152736398,0.10288527224787421,0.9441222944183046,0.13943375172251699,9.215100162647847,1.455955982208252,0.26288739220193164,10.625566092788748,8.326557085927108,0.03736882167699533,2.6411618178437166,0.15315315315315314,1183.3848876953125,0.6587238763203249,1.7058823529399223,0.2740683229813664,368.0,26.0,2.0,
anneal,0.10012698632822133,0.7061906466462876,0.9117652281085729,0.023921069115234957,0.17638038071254422,0.5735339373187809,0.7061906466462876,13.875949713627085,183.67172241210938,0.6587728707435268,2.71496319874468,2.339935537229572,0.17205709006728367,5.971200392828203,0.0444444444444444,12044033.0,0.8247299822628458,85.49999999893124,0.07857142857142857,898.0,38.0,5.0,
primary-tumor,0.0870427918576547,0.36384143443496264,,0.07317010812502632,0.1031296774895347,0.9711293454103814,0.2254421131463087,1.324533486502692,1.659859538078308,6.886840419116305,6.3066045727594595,4.3280853377717206,0.3076180689639426,0.9640710099858198,0.5,44.7487678527832,2.5256481446530077,83.9999999916,0.6603455541508639,339.0,17.0,21.0,
letter,0.29897668968885965,0.3129339820160783,0.4926348132504563,0.16118332706079702,0.5446829989909505,0.847747068977855,0.3129339820160783,3.7044829737433647,3.329280376434326,0.28566313153561756,5.3905191930736205,4.6119875191302455,0.5628675926823811,1.8616673838793991,0.28222222222222226,57.64628219604492,3.256363394075676,1.3131313131306501,0.5126530612244897,6000.0,16.0,26.0,
mfeat-morphological,0.22984975563339385,0.22886249357745825,0.20550176257319594,0.08638151394050284,0.3844540101478833,0.8362634542370166,0.22886249357745825,0.06676288100735542,1.8887120485305786,0.6098531349311777,2.958433256961799,2.4405465601245844,4.459111297778889,0.08144176538957251,0.2866666666666666,688.5567626953125,2.302585091994046,0.9999999999995001,0.3261224489795918,2000.0,6.0,10.0,
mfeat-factors,0.8081401322182765,0.2706890833793989,0.6232813292253503,0.17951463910224427,1.5534723883680361,0.7632806349668158,0.6232813292253503,34.806184449701945,3.0571885108947754,0.1630436684243433,13.46660840094572,11.359857255850844,0.09549955762406011,7.229440507793321,0.03555555555555556,1.8081474304199219,2.302585091994046,0.9999999999995001,0.25285714285714284,2000.0,80.0,10.0,
mfeat-fourier,0.38563253778758777,0.25312699722567,0.340596833249929,0.1527031864890059,0.6380370569801928,0.8480931053168903,0.340596833249929,22.272507252278523,4.247432231903076,0.25333566479536695,11.508137808354801,9.237013426222912,0.2892092930788807,5.062092668267977,0.19111111111111112,135.66151428222656,2.302585091994046,0.9999999999995001,0.3497959183673469,2000.0,76.0,10.0,
mfeat-karhunen,0.643649867380326,0.28177997260992366,0.5931385467329726,0.20838763231956542,1.1695825478710833,0.81165438691618,0.5931385467329726,19.743511804684637,4.237783908843994,0.1384449393042647,12.773085426393227,10.42595463946369,0.3044398816817235,5.608933591085298,0.040000000000000036,1097.7720947265625,2.302585091994046,0.9999999999995001,0.15653061224489795,2000.0,64.0,10.0,
optdigits,0.7356561030714787,0.31950143594078284,0.6164486016351094,0.3742664902197543,1.2310486037966364,0.8507997150527082,0.6164486016351094,14.509257256178682,5.426068305969238,0.27856743878875395,9.09574662729866,6.931625921201247,0.40025783607085513,4.027111834314341,0.0444444444444444,52072.87890625,2.3025189865331592,1.0324909747290554,0.24673469387755104,5620.0,64.0,10.0,
satimage,0.2676605510962153,0.29795484469464345,0.25850302815615167,0.20068896948414394,0.34540209215645823,0.926977232135866,0.2676605510962153,2.3294212490430257,5.371701717376709,0.30783022826789874,11.346917682117676,8.751140555813564,2.097741996353787,1.2684860530875754,0.11111111111111116,1840.45068359375,1.7204590759492508,2.4673539518896104,0.15428571428571428,6000.0,36.0,6.0,
mfeat-zernike,0.4183766837817009,0.21973148451347985,0.30829641978821104,0.14915623940816777,0.7293966858749033,0.8270282579615966,0.30829641978821104,8.614492368097771,4.438190937042236,0.2265682151968107,8.746148882120405,6.7994785158151245,0.5934041930821927,2.061366641634987,0.18222222222222217,2522260.75,2.302585091994046,0.9999999999995001,0.2742857142857143,2000.0,47.0,10.0,
pendigits,0.6386023908057119,0.4732498888473828,0.7117650555303292,0.326979722804661,1.0004981002710795,0.8292984000699046,0.6386023908057119,1.080111299376957,2.6146206855773926,0.30048448111906484,5.431975253185874,3.9125351065805694,0.9786150616304468,1.2755455279437327,0.0822222222222222,190.4868621826172,2.300933277232837,1.1952117863717873,0.09081632653061224,6000.0,16.0,10.0,
waveform-5000,0.20382689940482268,0.1113681655087848,0.16863400275786497,0.17944738961831622,0.23863130683412873,0.9662001686691772,0.16863400275786497,15.433587641354274,2.6318700313568115,0.07402960612942444,25.269480813207192,18.452733570261426,0.13099789778800436,3.995466766035947,0.16000000000000003,34.489620208740234,1.0985545521188804,1.0235934664246205,0.35897959183673467,5000.0,40.0,3.0,
mfeat-pixel,0.6674682700358326,0.26280871478935464,0.6257576771804414,0.1455989253144173,1.2695264426332322,0.7514062006695379,0.6257576771804414,35.27034978331916,2.7046382427215576,0.10279989307604032,17.349208786109152,15.126789338550646,0.07755464934132568,7.490364500690911,0.053333333333333344,1.581973671913147,2.302585091994046,0.9999999999995001,0.3222448979591836,2000.0,80.0,10.0,
page-blocks,0.38166923445236517,0.4339765890351709,0.2670262351300633,0.16752769416779825,0.6986054820849245,0.7593482225461534,0.38166923445236517,60.836882790817874,35.8242301940918,0.5894739000259517,4.122955280388215,3.255075241370159,0.03516913244128907,8.390215210590306,0.0377777777777778,19121.3359375,0.44046926559967586,175.46428571365908,0.07693877551020406,5473.0,10.0,5.0,
ringnorm,0.26641949655256053,0.11641546850563773,0.43493877343356546,0.14906111134046843,0.4138147901266542,0.8735359564840484,0.26641949655256053,15.407348493801909,1.1659783124923706,0.3019273251502251,20.70123137555495,14.938738998016008,0.01955727063806939,3.9153649153576553,0.23333333333333328,1.56278657913208,0.6930829567628212,1.02292650033712,0.37755102040816324,6000.0,20.0,2.0,
twonorm,0.28611255111769446,0.10933080125445811,0.3384143855391916,0.20325803811288093,0.34482352377131864,0.9249444692667929,0.28611255111769446,7.901971478531307,2.704549551010132,0.10451388173184409,16.664777374326096,12.93949243400073,0.20023168293212343,2.584935338866382,0.01777777777777778,5.561892509460449,0.6931291802519437,1.012072434607612,0.08346938775510203,6000.0,20.0,2.0,
libras,0.07151205136742429,0.46688842420138554,0.5538691595267723,0.039873756032394056,0.105645593314339,0.8948988229231486,0.46688842420138554,59.64762166316292,3.905465602874756,0.522721493772658,31.68469210721173,26.28919926794407,0.07661554126543028,10.371839545830289,0.43518518518518523,7.931301593780518,2.7080501996022104,0.9999999999958334,0.7698412698412699,360.0,80.0,15.0,
analcatdata-authorship,0.4841404797364994,0.43382260723695326,0.7225506238107021,0.18411352582241758,0.8686028120095738,0.5906757636286457,0.4841404797364994,26.654495147492803,6.191917419433594,0.09109346694899045,23.956584741881095,18.818148191212646,0.30021401129843056,6.4697258527140065,0.007905138339920903,132.6738739013672,1.2389423946087135,5.763636363625884,0.02122448979591836,841.0,70.0,4.0,
analcatdata-dmft,0.026685857638290903,0.2020196371254864,0.032980199720185,0.01978244128027236,0.034223445202684825,0.8499747810541116,0.032980199720185,0.5218422288912018,0.2920719087123871,1.7453488921466649,0.1848466712894421,0.13156332492470194,0.02626114345250443,0.03498727772527069,0.75,4.139529705047607,1.7884993943883827,1.2601626016249918,0.7455102040816325,797.0,4.0,6.0,
analcatdata-germangss,0.08347954559049892,0.33820918962081037,0.48406718361021606,0.051585177430918824,0.11293778551286525,0.8370644961195547,0.33820918962081037,0.5169459817544769,1.2702457904815674,0.2793098527540307,4.074035157606601,3.298415967811839,0.3084331705160828,0.31869419495417733,0.2622950819672131,196.87864685058594,0.9204595056775071,3.4794520547897543,0.30084447572132306,406.0,7.0,3.0,
analcatdata-lawsuit,0.0853670112817642,0.08823702441442081,0.12635810406070672,0.04692003959864237,0.1184805735721852,0.8359588688791791,0.08823702441442081,2.269876752580164,0.48692256212234497,0.23788960787338223,6.990838551370317,5.548328060036043,0.012082192302615088,0.8471975274742658,0.36633663366336633,31.856285095214844,0.6365141680948128,1.9999999999991072,0.41007653061224486,672.0,9.0,2.0,
eucalyptus,0.030622372912468315,0.15632766312081497,0.17287883869148346,-0.017219767952712958,0.05835157684866388,0.2613738974701375,0.15632766312081497,5.968927798157542,13.854899406433105,0.39160984002025007,5.519251491999146,4.496855323388109,0.008569509666599246,12.05480322843335,0.33484162895927605,14405314.0,1.5679568831906918,2.038095238093297,0.506938775510204,736.0,19.0,5.0,
spambase,0.18975929214307516,0.14010910056598422,0.28442543248165714,0.12376030678710782,0.24542595894286398,0.9573431086363793,0.18975929214307516,123.40634305500478,8.03077220916748,5.830951842107895,7.225142349294483,5.5066061144805944,0.03163381902735291,4.981798410298117,0.08444444444444443,557494.75,0.6705230207876484,1.5377826806397386,0.17204081632653062,4601.0,57.0,2.0,
hypothyroid,0.36496470967088707,0.537098598063999,0.7577180964519747,0.3014931561367164,0.4578614766153974,0.9519702372219818,0.537098598063999,12.981435933892529,14.440223693847656,1.2590581168546093,6.025661489341564,4.998377206777235,0.48564104623594145,1.7173439778409578,0.5,205748.46875,0.323434671350942,1740.499999912975,0.04489795918367347,3772.0,29.0,4.0,
monks-1,0.1034694371743981,0.42929978383699685,1.3456103258691574,0.07386303547825764,0.13155093792472805,0.886066805692436,0.42929978383699685,0.6592469524134179,0.5024846196174622,0.10004796093825322,500.0,8.656170241587313,0.050483138744586833,0.5,0.37125748502994016,1.9654361009597778,0.6931471803599453,0.9999999999996403,0.2859712230215827,556.0,6.0,2.0,
cpu-small,0.1125074797328795,0.30859268309893095,,0.06897903017188427,0.1493800672321518,0.9132518975560627,0.21055008141590523,0.0,4.145813465118408,0.7111691552067594,3.3007198603417995,2.640954116980554,6.73978339533394,0.7158009553257956,0.5,26.978300094604492,4.387374148232403,8.9999999991,0.9159261790840738,209.0,7.0,104.0,
monks-3,0.18620156245910724,0.487036345128208,0.7902137078262068,0.11778776327600378,0.27699808002892284,0.8202734440881243,0.487036345128208,0.5452698147484146,0.5622778534889221,0.11769763183822202,4.186898526344196,3.1401738956807184,0.072532539441848,0.33939394950866697,0.17365269461077848,1.5906769037246704,0.692358483631969,1.0827067669168862,0.17844249613202678,554.0,6.0,2.0,
monks-2,0.09176847827959647,0.34260954415910905,0.5218237220860157,0.05336577769389903,0.13044789379147678,0.8479434323100579,0.34260954415910905,0.6848737221844627,0.12534725666046143,0.0956270832085376,0.17910952676472566,0.13681613307726365,0.002716301008948563,0.5,0.37569060773480667,1.9616882801055908,0.6428505617784741,1.917475728154409,0.29712384121701924,601.0,6.0,2.0,
sick,0.22389322025007233,0.2760396949695372,0.5162112472018305,0.14386982304730164,0.34535413061843584,0.8342356300577902,0.2760396949695372,5.517184732537634,2.7347538471221924,0.8841038212322376,6.367346866730122,4.960013529281528,0.006627561518625573,1.5033834891498912,0.022222222222222254,205748.46875,0.23036785032461385,15.329004328997694,0.03857142857142857,3772.0,29.0,2.0,
isolet,0.6509142560914153,0.29198441266293207,0.5369079059524041,0.23667678987119115,1.1313884236890523,0.7940496771869007,0.5369079059524041,30.474630115125592,4.023414611816406,0.12218243307904238,21.20823289204737,17.275046001006885,0.18184794408909757,6.744546403963054,0.11111111111111116,3.159029245376587,3.257328682724485,1.1830985915487404,0.5181632653061224,6000.0,80.0,26.0,
semeion,0.48025459861010295,0.16573503407338613,0.4750558591099807,0.09895854555006488,0.918328414655428,0.7439307782849611,0.4750558591099807,35.84865326782541,2.4601075649261475,0.1222981142486139,17.86389550237613,16.454491012219606,0.06515893683514835,7.2428232193429105,0.10666666666666669,1.3227800130844116,2.302509812605468,1.0451612903219065,0.4487755102040816,1593.0,80.0,10.0,
wilt,0.33211556258974106,0.49961916316829597,0.33876542136843163,0.11066504400875918,0.7568198066658905,0.7670869590965794,0.33876542136843163,1.5319312301267947,0.9492407441139221,0.38012345944221393,4.820300520246842,3.8715480308011165,0.004173929274168758,0.3866588917479189,0.040000000000000036,82.03361511230469,0.20994756918527907,17.540229885050753,0.03775510204081632,4839.0,5.0,2.0,
PhishingWebsites,0.238665182150769,0.14494226237642255,0.27753365370542904,0.21078243630989205,0.28232147336374996,0.9714955152793951,0.238665182150769,4.289212808316926,1.5471303462982178,0.33099161867666216,5.770780465687414,5.704588902482142,0.09071982264783611,1.3760652566038878,0.06888888888888889,127.47637939453125,0.6841421173434236,1.3094688221708504,0.16122448979591836,6000.0,30.0,2.0,
climate-model-crashes,0.08261601352105818,0.1964605896147165,0.14560784728373982,0.0471940070549841,0.12412422041105843,0.7847368478205453,0.14560784728373982,4.609928416479127,1.101595401763916,0.06866646213344359,14.53144426030724,11.803300467954372,0.015912751345876247,2.0374675701815783,0.0679012345679012,1.1705621480941772,0.2912542324521495,10.739130434759263,0.11190476190476191,540.0,18.0,2.0,
amazon-commerce-reviews,-0.06811724786883644,2.9590613804384166e-16,,-0.10992964758286548,-0.01944920462225249,0.6972074587602695,-0.034058623934418074,0.0,10.755866050720215,0.2196629434271038,29.934125147947853,25.16286294272779,809.5127910033899,7.223847096224188,0.5,5.062444686889648,6.962462120239241,1.9999999998,1.0,1059.0,80.0,1057.0,
collins,0.10135385278972289,0.3186364711686178,,0.07377017691575634,0.12061748446437118,0.9283993882355792,0.20999516197917034,5.147190399224628,2.857970714569092,0.19210861890694475,12.129354701074993,9.866723138244785,0.39023261730785136,2.1100849026924995,0.7433333333333334,40235288.0,3.222137693646143,13.333333333111112,0.8424489795918366,1000.0,19.0,30.0,
musk2,0.7493177779371132,0.19243448839065402,0.45696218034581787,0.4865868035846414,1.1015203867536498,0.9108563909655906,0.45696218034581787,39.257893783912046,1.6954307556152344,0.5409946086477709,6.374697209738946,5.398987850465863,0.00787875976166969,5.6254214887140295,0.03555555555555556,4.221527576446533,0.42759247076989476,5.543075245364717,0.1377551020408163,6000.0,80.0,2.0,
sylva-agnostic,0.06423050592987183,0.055285545737836755,0.12158087163973229,0.03656298607081907,0.09166820429224264,0.8398930609821249,0.06423050592987183,55.90688075608094,1.0194453001022339,0.45860449221193444,5.2376289623170225,5.550146254697985,0.003719515773333657,5.167477004263245,0.2466666666666667,11.091934204101562,0.6895718799851491,1.1846243447873508,0.3836734693877551,3751.0,80.0,2.0,
micro-mass,0.3872582345113962,0.5388085102820913,0.6893464451418747,0.14410840761565546,0.6183691762684899,0.6637310005801312,0.5388085102820913,2.4354977562465616,2.0730345249176025,0.2658560910086079,6.081192302960836,4.860353703520209,0.07283337674670057,1.746252984788015,0.028806584362139898,256.75469970703125,0.34911759852578905,7.9888888888800125,0.014081632653061223,809.0,16.0,2.0,
Australian,0.09586595129386806,0.1289366686836495,0.09043460074960422,0.011452520631894144,0.17031268872025587,0.6176907760062087,0.09586595129386806,3.493382423542518,1.9119162559509277,0.32226171449988866,7.078655450723799,5.731150890323212,0.1252777413433349,1.2125115640094941,0.16425120772946855,37.3276481628418,0.6870689026587589,1.2475570032569228,0.23002070393374743,690.0,14.0,2.0,
spambase-2,0.20408786206996551,0.14010910056598422,0.28442543248165714,0.16637284574920064,0.25746471951593675,0.9558547464069904,0.20408786206996551,116.46735301070086,7.9116740226745605,9.949874077428287,7.150376123555169,5.2938670173713085,0.03163381902735291,7.968570477906095,0.06444444444444442,557494.75,0.6705230207876484,1.5377826806397386,0.1930612244897959,4601.0,57.0,2.0,
mushroom-2,0.8778840842277295,0.7553081322769631,1.1093424996019305,0.2891572351880603,1.5270625026495699,0.7735658984639147,0.8778840842277295,4.786195871789561,1.737855315208435,0.3086971971709076,2.821736326399899,2.6580068433181943,0.058399122713637,2.2030471108576952,0.05555555555555558,2211.402587890625,0.6925109898801658,1.073971655720668,0.030204081632653056,6000.0,22.0,2.0,
wine-quality-red,0.07246009144434634,0.15007408528245733,0.1980731193937653,0.05549906211445275,0.08523176098846864,0.9667312678369399,0.15007408528245733,5.71194137145208,1.9980331659317017,0.3296853502046665,4.899060466770029,4.944838912300157,0.03460293771561712,1.1936693298661578,0.4288888888888889,148.08880615234375,1.1846312548403948,68.099999999319,0.520204081632653,1599.0,11.0,6.0,
tic-tac-toe-2,0.09602620186010531,0.3186546098701214,0.8706281247879474,0.06031261420188734,0.11506739642269445,0.9084711865193678,0.3186546098701214,2.1321727620967215,0.33289891481399536,0.1243433341835509,4.932606922158014,4.204282277129904,0.007040698569794427,0.8641586469709841,0.3194444444444444,6.20440149307251,0.6452881306007813,1.885542168674131,0.23448979591836733,958.0,9.0,2.0,
segment-2,0.34299013026672714,0.4061422698273013,0.6607484845209103,0.0018067847177886673,0.7686528802798185,0.632580005967333,0.4061422698273013,120.28305640304443,12.865097999572754,0.7031492814600631,4.90937102602442,3.9993860479425978,0.042559802561232145,3.070263236239716,0.09333333333333338,18206756864.0,1.945910148355313,0.999999999999697,0.14714285714285713,2310.0,19.0,7.0,
pen-digits,0.593806057083596,0.441830174976643,0.671150600573254,0.2656982304086171,0.9823129507149327,0.8376380954905946,0.593806057083596,1.0507541922273487,2.6476290225982666,0.30094671019814473,5.714993178629102,4.197510067266009,0.9533586420097139,1.0331422106071475,0.06444444444444442,183.68878173828125,2.3018656897825163,1.1183745583036893,0.08714285714285715,6000.0,16.0,10.0,
optical-digits,0.7504159888047129,0.31950143594078284,0.6164486016351094,0.35816946176277387,1.2518414544822232,0.8550291056226265,0.6164486016351094,14.446054686864107,5.431618690490723,0.30489037531792007,9.01756416192951,7.292679058431513,0.40025783607085513,3.861579987491489,0.05555555555555558,52072.87890625,2.3025189865331592,1.0324909747290554,0.24551020408163265,5620.0,64.0,10.0,
satimage-2,0.2527633755884606,0.21357174575985438,0.293651114245461,0.2014123851950958,0.3483697514445872,0.9031810709031727,0.2527633755884606,2.3705850789623897,5.256584167480469,0.3032168585495433,11.375243726275581,8.451018382784778,2.0833133707654823,1.2853556182948611,0.16222222222222227,1844.9869384765625,1.7217612019738722,2.452830188678824,0.15612244897959182,6000.0,36.0,6.0,
waveform-2,0.20128975556008893,0.1113681655087848,0.16863400275786497,0.1730773652422709,0.24538622290447196,0.94596589887819,0.16863400275786497,15.298763370652516,2.658306360244751,0.06966011801330603,24.8519542636421,18.469604062705088,0.13099789778800436,3.9896350822456967,0.13777777777777778,34.489620208740234,1.0985545521188804,1.0235934664246205,0.3551020408163265,5000.0,40.0,3.0,
letter-2,0.29082774461579086,0.2833440029519846,0.443487769579655,0.13418218752984423,0.4677762444902518,0.8607901763689662,0.29082774461579086,3.9847598992637243,3.377014636993408,0.27754432690163144,5.367901103514551,4.215440811311835,0.5845942410824015,1.887779132612832,0.2666666666666667,71.0820541381836,3.2561360789710507,1.2842639593902112,0.5006122448979591,6000.0,16.0,26.0,
ecoli-2,0.05529916740113386,0.18356225849324206,,0.014459986744973622,0.09839722874360039,0.7596532934860807,0.11943071294718796,0.4163580387042184,1.6689693927764893,0.3224991201385291,4.462499142875563,3.6732017026242065,1.242134523986288,0.4619455265229925,0.12871287128712872,1490.142578125,1.5171228291520311,71.499999996425,0.22321428571428573,336.0,7.0,8.0,
seeds,0.0986841004660641,-0.013313556437362815,0.35422827884982183,0.03643434790390207,0.16114136422796396,0.7885054680066178,0.0986841004660641,0.35943206605405775,2.2591941356658936,0.24050972877943974,3.829646062211647,3.165568557551781,1.8245587929307627,0.4352833002561262,0.1428571428571429,6958.9091796875,1.0986122883681095,0.9999999999985714,0.10952380952380951,210.0,7.0,3.0,
breast-cancer,0.08756221892690319,0.18798527889065067,0.034380304416312,0.009181458756252956,0.12405379255910745,0.7588743327782911,0.08756221892690319,3.355048786324561,1.4137414693832397,0.29392284985865375,5.376093219844691,4.282672998595538,0.046617639823069906,1.0773755008273664,0.33720930232558144,40.955039978027344,0.6084755752298137,2.364705882350159,0.35564435564435565,286.0,9.0,2.0,
kr-vs-kp-2,0.7587652127740232,0.21679615672988772,0.6249659250954654,0.5096279127180624,1.0890041818398126,0.9231172005720285,0.6249659250954654,3.3512802003260065,0.7800045609474182,0.14749505635372206,5.77078044484973,4.9326069470242935,0.03192406152190966,1.2476210826043537,0.05777777777777782,2083.736083984375,0.6921598189951594,1.092992796332607,0.21775510204081627,3196.0,36.0,2.0,
vehicle-2,0.16679956380545086,0.20843085758234625,0.241286657493817,0.08339381356194801,0.24444981883595937,0.7696047031719944,0.20843085758234625,2.332521100329223,1.5953959226608276,0.23729997126370894,6.482906421452316,5.094268681242869,0.11423971244251738,0.9101210118090276,0.19685039370078738,28520.677734375,1.385647491881233,1.095477386934123,0.33346938775510204,846.0,18.0,4.0,
yeast-2,0.10005745356677088,0.1730961759738817,0.14551609787192588,0.05435917557442479,0.1325619259948559,0.8711800001153651,0.14551609787192588,1.8330033110545325,2.083063840866089,0.34702162157318384,5.614147214814087,4.566515116497742,0.274010770077201,0.7595870399046457,0.4080717488789237,798.40087890625,1.7262259619714786,92.599999998148,0.5583673469387754,1484.0,8.0,10.0,
vowel-2,0.18078291658664056,0.45623685739629466,0.5833058165696983,0.07837111273421479,0.27493904235032995,0.7040951774219556,0.45623685739629466,1.3229291588354344,1.504111886024475,0.2838313311379448,2.0912028947802725,1.6255665772854422,0.2736728132338935,0.8001828613360256,0.35016835016835013,33.24851608276367,2.3978952716983706,0.9999999999988889,0.3565306122448979,990.0,12.0,11.0,
page-blocks-2,0.37855366606371793,0.43397658903517083,0.2670262351300633,0.16914573956163134,0.6680736256990165,0.7872934481900659,0.37855366606371793,832.320078325517,20.241058349609375,0.5984442889825192,4.087308344777473,3.3823244264072994,0.03516913244128907,7.455444498753259,0.04222222222222227,19121.3359375,0.44046926559967586,175.46428571365908,0.06795918367346938,5473.0,10.0,5.0,
mfeat-fourier-2,0.380421546759723,0.25312699722567,0.340596833249929,0.16828745128979802,0.621319422840629,0.8688760148409714,0.340596833249929,22.297725422178903,4.27473783493042,0.26457881318631515,11.825361988089739,9.49563909524198,0.2892092930788807,5.055739090274878,0.17333333333333334,135.66151428222656,2.302585091994046,0.9999999999995001,0.35918367346938773,2000.0,76.0,10.0,
user-knowledge,0.09575944847420097,0.49732614803888536,0.295965740407481,0.05358098768357107,0.127459710432614,0.8763734659887054,0.295965740407481,0.6141888259643015,1.189920425415039,0.23943970434373776,4.416152756968717,3.7067544271585633,0.28283424274363483,0.5177706395827365,0.14876033057851235,2.3931496143341064,1.4189430217642567,5.374999999977605,0.3243530662885502,403.0,5.0,5.0,
splice-2,0.28962726851963977,0.2099165185008967,0.46422472275527293,0.16896244120285533,0.43001859800670456,0.8971669530156625,0.28962726851963977,62.34459603601604,1.5633172988891602,0.1196328713714615,26.39921718001707,22.05619724855398,0.009202876539910535,8.385437513587675,0.1844444444444444,24.499055862426758,1.025975710201908,2.157757496740266,0.5769387755102041,3190.0,60.0,3.0,
nursery-2,0.3182637290031829,0.25844150259148324,,0.16461280265628286,0.5203824692164629,0.851346052138578,0.28835261579733307,1.040672196563904,0.7125914692878723,0.11991789788522002,5.503851636595444,4.3485960609616,0.05896905384329027,0.6141447773736153,0.25555555555555554,8.827278137207031,1.1885708407030697,2006.9999997993,0.4306122448979592,6000.0,8.0,5.0,
GesturePhaseSegmentation,0.0741089759772193,0.07668586544977893,0.14372445641639683,0.05875799198152202,0.09431175751561474,0.9637047835942986,0.07668586544977893,296.01898733158873,3.940375804901123,2.0972172592076976,11.091927805152238,10.01049117145297,0.00640114759086988,9.867322373700544,0.5555555555555556,3246.76513671875,1.5254391750332543,2.8792822185965936,0.6255102040816326,6000.0,32.0,5.0,
hypothyroid-2,0.38543132628034676,0.537098598063999,0.7577180964519747,0.3401092001154742,0.4295425334354816,0.987444388603502,0.537098598063999,7.856878320810448,12.279311180114746,1.6309817334435723,6.20569518720634,5.25705022202518,0.48564104623594145,2.1378268225255197,0.040000000000000036,205748.46875,0.323434671350942,1740.499999912975,0.05,3772.0,29.0,4.0,
sick-2,0.22790077318881113,0.27603969496953706,0.5162112472018305,0.1497222802429032,0.3343368140746656,0.9099771020669012,0.27603969496953706,6.619292060146315,2.635361433029175,1.021427000132937,6.095544588139017,5.043679153896932,0.006627561518625573,1.6480516634662532,0.026666666666666616,205748.46875,0.23036785032461385,15.329004328997694,0.03510204081632653,3772.0,29.0,2.0,
electricity-2,0.05148821192406074,0.06943095031020304,0.12150639016092721,0.035950014297331384,0.060168800595421935,0.9421336103857496,0.06943095031020304,2.199836398279635,2.076625108718872,0.4886390431897406,4.4051159461517955,3.3902349087699575,0.01782152397174008,0.534969958361421,0.21333333333333337,248.60955810546875,0.6818546085307834,1.3529411764705352,0.30081632653061224,6000.0,8.0,2.0,
phoneme-2,0.0874802161174049,0.10832469350321862,0.14293653764886557,0.05448134022792575,0.12232529631830161,0.9334128406833967,0.10832469350321862,1.065758990736693,1.0773539543151855,0.4018068207026233,3.228141788153141,2.6734571242988503,0.05820729968271128,0.35837658306453135,0.2466666666666667,8.664565086364746,0.6052438198564556,2.40731399747778,0.23591836734693872,5404.0,5.0,2.0,
kc1-2,0.0560380131806339,0.19485826234849785,0.04455781235677914,0.02244076449002481,0.09610730372233334,0.7586459199864153,0.0560380131806339,32.4033354549224,10.56966781616211,2.1038908145374697,6.79297528954306,1.8931324547175152,0.0858019546827691,2.9858623702418807,0.1333333333333333,589532032.0,0.4305645506080653,5.469325153372556,0.1997959183673469,2109.0,21.0,2.0,
credit-g-2,0.07496490197362685,0.05074633707671159,0.07118739206968257,0.044544936139524836,0.10846897238069757,0.8265118520655488,0.07118739206968257,5.681075904481519,0.7878680229187012,0.22222669607942563,10.320216050754535,8.473836897969093,0.015440999122583643,1.7310448465398136,0.2833333333333333,59.21455383300781,0.6108643018548935,2.3333333333325554,0.35857142857142854,1000.0,20.0,2.0,
adult-2,0.026917575979991684,0.08331695183879582,0.12103227085943358,0.00760187192537214,0.047408570196761056,0.7417646982408277,0.08331695183879582,289330.24971135304,3786.378662109375,0.6897626353665783,5.147133873374127,3.8924734803479186,0.05809575722869774,6.350335591752052,0.17555555555555558,544471296.0,0.5472071075100201,3.225352112675829,0.2346938775510204,6000.0,14.0,2.0,
magic-2,0.13104926098619055,0.1148345929715468,0.16151650459972922,0.10921504374671946,0.17656993205009885,0.9397795394913848,0.13104926098619055,5.110728389696729,1.1273328065872192,0.3508218002571377,7.024569271171382,5.089785468774716,0.04429311652230351,0.8217687299652694,0.21111111111111114,385.1321716308594,0.6461997614444422,1.873563218390715,0.27734693877551014,6000.0,10.0,2.0,
ozone-2,0.15783498948970773,0.15072777645210475,0.10262315425118063,0.09784382594184525,0.22998313982890944,0.8989039742746707,0.15072777645210475,48.16714411195512,9.01340389251709,0.38366263968147823,12.41538999016089,9.296808621837467,0.005160969787941409,3.2464983659911253,0.05555555555555558,2959360.25,0.23552477508910555,14.837499999990728,0.07489795918367347,2534.0,72.0,2.0,
steel-2,0.8150912038263959,0.33057806975498816,1.4636822829640939,0.19968721855851743,1.6787205124057607,0.7233916649234794,0.8150912038263959,15.945444215875451,4.546598434448242,0.4895693894269303,5.464009163193693,4.49673352554003,0.028607413738676826,2.1906786461712593,0.0022222222222222365,39605604.0,0.6453978894979567,1.8841010401185907,0.23877551020408164,1941.0,33.0,2.0,
cardio-2,0.7147207808948243,0.6892866490647326,1.6061828635354594,0.0962012154050145,1.5388831983291256,0.6866466668459099,0.7147207808948243,9.701062989271131,6.829104900360107,0.3505491998493386,4.657478286772177,4.631647665343081,0.050264174206714446,3.4525503640713646,0.0022222222222222365,58101067776.0,2.019384765510779,10.92452830186618,0.2644897959183673,2126.0,35.0,10.0,
qsar-2,0.14237787259850232,0.13783483359687643,0.18934741882195077,0.10287592003426367,0.1713282750387157,0.9163971461242478,0.14237787259850232,64.08390955636992,3.662410259246826,0.47839559287426886,4.5954668661623534,3.7099676584874945,0.014294439157300023,2.3958120014682494,0.12302839116719244,51807.1484375,0.6393233357530521,1.9634831460668642,0.2691836734693877,1055.0,41.0,2.0,
hill-2,0.1292233335962948,0.09610450237159342,0.27976085161989583,0.11120320711662296,0.15456265887165793,0.9663116057963185,0.1292233335962948,214418.15181514612,58.09210205078125,2.2052616391411286,55.55843316004864,47.548692331895445,0.003422125559495903,277.7483823819586,0.1428571428571429,921.1273803710938,0.6931471803599453,0.9999999999998349,0.30163265306122444,1212.0,80.0,2.0,
spambase-3,0.19593329731331444,0.14010910056598422,0.28442543248165714,0.1299771287067818,0.27887357484660563,0.9442505748343499,0.19593329731331444,127.10485452958605,7.763875484466553,8.306623016480742,6.903624935171086,5.401875454254887,0.03163381902735291,5.611175285164918,0.053333333333333344,557494.75,0.6705230207876484,1.5377826806397386,0.18,4601.0,57.0,2.0,
pendigits-2,0.5992127041934178,0.4572862201267769,0.6558919873485598,0.2531144159207101,1.0050330487880432,0.8310219817486414,0.5992127041934178,1.0603242171661644,2.675704002380371,0.3145264126810974,5.702361679467765,4.061025750243595,0.9932363636991944,1.0821668428620304,0.0888888888888889,189.24920654296875,2.301426840447984,1.144901610017684,0.08102040816326529,6000.0,16.0,10.0,
optdigits-2,0.7346452342106744,0.3195014359407828,0.6164486016351094,0.442409257778343,1.1819745706569804,0.8468273282363362,0.6164486016351094,14.044293715331468,5.240299701690674,0.30495913382862094,9.369373851829776,6.773070365426944,0.40025783607085513,4.110352931624454,0.04888888888888887,52072.87890625,2.3025189865331592,1.0324909747290554,0.22857142857142856,5620.0,64.0,10.0,
musk2-2,0.5451350110081165,0.18323081924018236,0.359761608996193,0.35934468277401416,0.7891054903014018,0.9032925780473579,0.359761608996193,38.5459137058314,1.7307441234588623,0.8421826300115746,6.513273504926812,5.76768045874678,0.007838813989283043,5.5574731931074615,0.033333333333333326,4.310941219329834,0.4324138485217072,5.423982869378434,0.1681632653061224,6000.0,80.0,2.0,
collins-2,0.09505862818584486,0.3186364711686178,,0.05705269286938705,0.1157873087724032,0.9000744096983687,0.20684754967723135,5.147190399224628,2.857970714569092,0.18271188113227843,12.129354701074993,9.37422634108223,0.39023261730785136,2.121080582332417,0.7433333333333334,40235288.0,3.222137693646143,13.333333333111112,0.8320408163265305,1000.0,19.0,30.0,
madelon-2,0.032811283859890406,0.028158286473858343,0.20669479939993404,-0.050044331260737,0.09716522053040699,0.32577449249744306,0.032811283859890406,42.09133031023768,0.4810243546962738,0.04304526025153603,43.417728708488795,33.40160844606519,0.0009341649000113057,7.331124247076765,0.43333333333333335,1.3675116300582886,0.6931471803599453,0.9999999999999231,0.503673469387755,2600.0,80.0,2.0,
cnae-2,0.4359135849235915,0.26513816768686516,0.40722578583493174,0.1804233491492406,0.6625790799146896,0.7540599012636469,0.40722578583493174,54.09088134761117,3.584824562072754,0.5830690076342088,7.368191041229698,6.02914557137426,0.07436022882615247,6.1733821625231196,0.0864197530864198,4.472315311431885,2.1972245764362195,0.9999999999991667,0.2738775510204081,1080.0,80.0,9.0,
wilt-2,0.32581293104197795,0.49961916316829597,0.33876542136843163,0.11272700110292758,0.6126142407941503,0.7313173309373193,0.33876542136843163,1.4510066226523985,1.0184926986694336,0.37400480514113,4.682829426788871,3.8396969621620967,0.004173929274168758,0.4934058660081007,0.046666666666666634,82.03361511230469,0.20994756918527907,17.540229885050753,0.03306122448979591,4839.0,5.0,2.0,
semeion-2,0.47893851603109056,0.16573503407338613,0.4750558591099807,0.11375176563849757,0.9172432857997874,0.7632600473310012,0.4750558591099807,35.92495080012208,2.4689719676971436,0.1194005237757679,18.046687602057343,15.61112120583091,0.06515893683514835,7.219030379705395,0.10666666666666669,1.3227800130844116,2.302509812605468,1.0451612903219065,0.4479591836734694,1593.0,80.0,10.0,
nomao-2,0.39503863496970504,0.18122460684140884,0.2816485193912704,0.30578364830319765,0.5172184615580439,0.9428464923866524,0.2816485193912704,124.28434489547689,1.6744384765625,0.5249305043948065,9.733797500766798,9.62671294954768,0.0026779849258836506,8.516565010953835,0.05555555555555558,43.74074935913086,0.6011037597701352,2.462204270051791,0.21755102040816326,6000.0,80.0,2.0,
sylva-2,0.05977638655758017,0.05528554573783674,0.12158087163973229,0.01840669880645567,0.09032744782845085,0.7996019379924564,0.05977638655758017,56.94731427437729,1.0625396966934204,0.5259531598334188,5.352794288641048,5.780839021320745,0.003719515773333657,4.939291058407825,0.23111111111111116,11.091934204101562,0.6895718799851491,1.1846243447873508,0.3983673469387754,3751.0,80.0,2.0,
isolet-2,0.6571491715950787,0.3097235370010839,0.5554544536159347,0.22851414661959032,1.1518591989875475,0.79103139235984,0.5554544536159347,30.100914163986943,3.9308202266693115,0.11583504866922771,20.87456875838846,17.811865253052204,0.1820833192642246,6.792225080706153,0.10222222222222221,3.1106865406036377,3.2575152164175534,1.1435185185179892,0.5348979591836734,6000.0,80.0,26.0,
Internet-Advertisements,0.5187620214025976,0.28167634695340493,0.4402717464329159,0.33300981905214194,0.7128263313842131,0.9409844185524254,0.4402717464329159,401.8812131255842,5.171335220336914,5.191119690424391,3.2421515443269806,1.939646638172471,0.006051474705595622,7.415063172917312,0.05777777777777782,55.58536148071289,0.40493026682260513,6.1437908496718645,0.09897959183673469,3279.0,80.0,2.0,
internet-ads-2,0.5473125793569578,0.28167634695340493,0.4402717464329159,0.4404010911445733,0.7158605014100763,0.9542595501938009,0.4402717464329159,401.9288436410018,5.369287014007568,5.822582406464497,3.142182859510614,2.223284318727104,0.006051474705595622,8.841366988952977,0.028888888888888853,55.58536148071289,0.40493026682260513,6.1437908496718645,0.0773469387755102,3279.0,80.0,2.0,
har-2,0.781078592591517,0.19576749092632634,0.4269598943800605,0.39409728541184214,1.2552605087728061,0.8448969294758675,0.4269598943800605,40.41453082278682,2.2628719806671143,0.14161399173419126,19.79641249228193,19.080132039622036,0.04441147330849897,6.96699909030632,0.053333333333333344,2.7377867698669434,1.7850066193673622,1.4468085106381168,0.4093877551020408,6000.0,80.0,6.0,
